{
  "routes": [
    {
      "route": "/*",
      "serve": "/index.html",
      "statusCode": 200
    }
  ],
  "navigationFallback": {
    "rewrite": "/index.html"
  },
  "globalHeaders": {
    "Content-Security-Policy": "default-src 'self'; connect-src https://higuera-excel-export.azurewebsites.net; style-src 'self' 'unsafe-inline'; script-src 'self' 'unsafe-inline';",
    "X-Content-Type-Options": "nosniff"
  },
  "mimeTypes": {
    ".xlsx": "application/vnd.openxmlformats-officedocument.spreadsheetml.sheet"
  }
}
